﻿<?xml version="1.0" encoding="utf-8"?>
<abapGit version="v1.0.0" serializer="LCL_OBJECT_FUGR" serializer_version="v1.0.0">
 <asx:abap xmlns:asx="http://www.sap.com/abapxml" version="1.0">
  <asx:values>
   <AREAT>Z013</AREAT>
   <INCLUDES>
    <SOBJ_NAME>LZ013_FMTOP</SOBJ_NAME>
    <SOBJ_NAME>SAPLZ013_FM</SOBJ_NAME>
   </INCLUDES>
   <FUNCTIONS>
    <item>
     <FUNCNAME>CONVERSION_EXIT_CYCY_OUTPUT</FUNCNAME>
     <SHORT_TEXT>CONVERSION_EXIT_YCYC_OUTPUT  编码转换</SHORT_TEXT>
     <IMPORT>
      <RSIMP>
       <PARAMETER>INPUT</PARAMETER>
       <REFERENCE>X</REFERENCE>
      </RSIMP>
     </IMPORT>
     <EXPORT>
      <RSEXP>
       <PARAMETER>OUTPUT</PARAMETER>
       <REFERENCE>X</REFERENCE>
      </RSEXP>
     </EXPORT>
     <DOCUMENTATION>
      <RSFDO>
       <PARAMETER>INPUT</PARAMETER>
       <KIND>P</KIND>
      </RSFDO>
      <RSFDO>
       <PARAMETER>OUTPUT</PARAMETER>
       <KIND>P</KIND>
      </RSFDO>
     </DOCUMENTATION>
    </item>
    <item>
     <FUNCNAME>CONVERSION_EXIT_YCYC_OUTPUT</FUNCNAME>
     <SHORT_TEXT>CONVERSION_EXIT_YCYC_OUTPUT  编码转换</SHORT_TEXT>
     <IMPORT>
      <RSIMP>
       <PARAMETER>INPUT</PARAMETER>
       <REFERENCE>X</REFERENCE>
      </RSIMP>
     </IMPORT>
     <EXPORT>
      <RSEXP>
       <PARAMETER>OUTPUT</PARAMETER>
       <REFERENCE>X</REFERENCE>
      </RSEXP>
     </EXPORT>
     <DOCUMENTATION>
      <RSFDO>
       <PARAMETER>INPUT</PARAMETER>
       <KIND>P</KIND>
      </RSFDO>
      <RSFDO>
       <PARAMETER>OUTPUT</PARAMETER>
       <KIND>P</KIND>
      </RSFDO>
     </DOCUMENTATION>
    </item>
   </FUNCTIONS>
  </asx:values>
 </asx:abap>
</abapGit>
