﻿<?xml version="1.0" encoding="utf-8"?>
<abapGit version="v1.0.0" serializer="LCL_OBJECT_SUSO" serializer_version="v1.0.0">
 <asx:abap xmlns:asx="http://www.sap.com/abapxml" version="1.0">
  <asx:values>
   <TOBJ>
    <OBJCT>Z013QX01</OBJCT>
    <FIEL1>Z013QX_01</FIEL1>
    <OCLSS>Z013</OCLSS>
   </TOBJ>
   <TOBJT>
    <LANGU>1</LANGU>
    <OBJECT>Z013QX01</OBJECT>
    <TTEXT>SAP 013 TEST</TTEXT>
   </TOBJT>
   <TOBJVORFLG>
    <OBJCT>Z013QX01</OBJCT>
   </TOBJVORFLG>
  </asx:values>
 </asx:abap>
</abapGit>
