﻿<?xml version="1.0" encoding="utf-8"?>
<abapGit version="v1.0.0" serializer="LCL_OBJECT_SSFO" serializer_version="v1.0.0">
 <sf:SMARTFORM xmlns:sf="urn:sap-com:SmartForms:2000:internal-structure" xmlns="urn:sap-com:sdixml-ifr:2000">
  <HEADER>
   <FORMNAME>ZTEST13_S01</FORMNAME>
   <CAPTION>新表格</CAPTION>
   <MASTERLANG>1</MASTERLANG>
   <LANGVECTOR>*</LANGVECTOR>
   <DEVCLASS></DEVCLASS>
   <VERSION>00001</VERSION>
   <FIRSTUSER>DUMMY</FIRSTUSER>
   <FIRSTDATE>2020-07-18</FIRSTDATE>
   <FIRSTTIME>15:02:55</FIRSTTIME>
   <LASTUSER>DUMMY</LASTUSER>
   <LASTDATE></LASTDATE>
   <LASTTIME></LASTTIME>
  </HEADER>
  <INTERFACE>
   <item>
    <IOTYPE>E</IOTYPE>
    <NAME>DOCUMENT_OUTPUT_INFO</NAME>
    <TYPING>TYPE</TYPING>
    <TYPENAME>SSFCRESPD</TYPENAME>
    <BYVALUE>X</BYVALUE>
    <STANDARD>X</STANDARD>
   </item>
   <item>
    <IOTYPE>E</IOTYPE>
    <NAME>JOB_OUTPUT_INFO</NAME>
    <TYPING>TYPE</TYPING>
    <TYPENAME>SSFCRESCL</TYPENAME>
    <BYVALUE>X</BYVALUE>
    <STANDARD>X</STANDARD>
   </item>
   <item>
    <IOTYPE>E</IOTYPE>
    <NAME>JOB_OUTPUT_OPTIONS</NAME>
    <TYPING>TYPE</TYPING>
    <TYPENAME>SSFCRESOP</TYPENAME>
    <BYVALUE>X</BYVALUE>
    <STANDARD>X</STANDARD>
   </item>
   <item>
    <IOTYPE>I</IOTYPE>
    <NAME>ARCHIVE_INDEX</NAME>
    <TYPING>TYPE</TYPING>
    <TYPENAME>TOA_DARA</TYPENAME>
    <OPTIONAL>X</OPTIONAL>
    <BYVALUE>X</BYVALUE>
    <STANDARD>X</STANDARD>
   </item>
   <item>
    <IOTYPE>I</IOTYPE>
    <NAME>ARCHIVE_INDEX_TAB</NAME>
    <TYPING>TYPE</TYPING>
    <TYPENAME>TSFDARA</TYPENAME>
    <OPTIONAL>X</OPTIONAL>
    <BYVALUE>X</BYVALUE>
    <STANDARD>X</STANDARD>
   </item>
   <item>
    <IOTYPE>I</IOTYPE>
    <NAME>ARCHIVE_PARAMETERS</NAME>
    <TYPING>TYPE</TYPING>
    <TYPENAME>ARC_PARAMS</TYPENAME>
    <OPTIONAL>X</OPTIONAL>
    <BYVALUE>X</BYVALUE>
    <STANDARD>X</STANDARD>
   </item>
   <item>
    <IOTYPE>I</IOTYPE>
    <NAME>CONTROL_PARAMETERS</NAME>
    <TYPING>TYPE</TYPING>
    <TYPENAME>SSFCTRLOP</TYPENAME>
    <OPTIONAL>X</OPTIONAL>
    <BYVALUE>X</BYVALUE>
    <STANDARD>X</STANDARD>
   </item>
   <item>
    <IOTYPE>I</IOTYPE>
    <NAME>MAIL_APPL_OBJ</NAME>
    <TYPING>TYPE</TYPING>
    <TYPENAME>SWOTOBJID</TYPENAME>
    <OPTIONAL>X</OPTIONAL>
    <BYVALUE>X</BYVALUE>
    <STANDARD>X</STANDARD>
   </item>
   <item>
    <IOTYPE>I</IOTYPE>
    <NAME>MAIL_RECIPIENT</NAME>
    <TYPING>TYPE</TYPING>
    <TYPENAME>SWOTOBJID</TYPENAME>
    <OPTIONAL>X</OPTIONAL>
    <BYVALUE>X</BYVALUE>
    <STANDARD>X</STANDARD>
   </item>
   <item>
    <IOTYPE>I</IOTYPE>
    <NAME>MAIL_SENDER</NAME>
    <TYPING>TYPE</TYPING>
    <TYPENAME>SWOTOBJID</TYPENAME>
    <OPTIONAL>X</OPTIONAL>
    <BYVALUE>X</BYVALUE>
    <STANDARD>X</STANDARD>
   </item>
   <item>
    <IOTYPE>I</IOTYPE>
    <NAME>OUTPUT_OPTIONS</NAME>
    <TYPING>TYPE</TYPING>
    <TYPENAME>SSFCOMPOP</TYPENAME>
    <OPTIONAL>X</OPTIONAL>
    <BYVALUE>X</BYVALUE>
    <STANDARD>X</STANDARD>
   </item>
   <item>
    <IOTYPE>I</IOTYPE>
    <NAME>USER_SETTINGS</NAME>
    <TYPING>TYPE</TYPING>
    <TYPENAME>TDBOOL</TYPENAME>
    <OPTIONAL>X</OPTIONAL>
    <BYVALUE>X</BYVALUE>
    <DEFAULTVAL>&apos;X&apos;</DEFAULTVAL>
    <STANDARD>X</STANDARD>
   </item>
   <item>
    <IOTYPE>X</IOTYPE>
    <NAME>FORMATTING_ERROR</NAME>
    <STANDARD>X</STANDARD>
   </item>
   <item>
    <IOTYPE>X</IOTYPE>
    <NAME>INTERNAL_ERROR</NAME>
    <STANDARD>X</STANDARD>
   </item>
   <item>
    <IOTYPE>X</IOTYPE>
    <NAME>SEND_ERROR</NAME>
    <STANDARD>X</STANDARD>
   </item>
   <item>
    <IOTYPE>X</IOTYPE>
    <NAME>USER_CANCELED</NAME>
    <STANDARD>X</STANDARD>
   </item>
  </INTERFACE>
  <GTYPES>
   <item/>
   <item>TYPES: BEGIN OF TYP_01,</item>
   <item>   NAME TYPE I ,</item>
   <item>  AGE TYPE I,</item>
   <item>  END OF TYP_01.</item>
   <item/>
   <item>  TYPES TB_01 TYPE TABLE OF TYP_01.</item>
   <item/>
   <item/>
   <item/>
   <item/>
   <item/>
   <item/>
   <item/>
   <item/>
   <item/>
   <item/>
   <item/>
   <item/>
   <item/>
   <item/>
   <item/>
   <item/>
   <item/>
   <item/>
   <item/>
   <item/>
   <item/>
   <item/>
  </GTYPES>
  <GDATA>
   <item>
    <NAME>IT_01</NAME>
    <TYPING>TYPE</TYPING>
    <TYPENAME>TB_01</TYPENAME>
   </item>
   <item>
    <NAME>IS_01</NAME>
    <TYPING>TYPE</TYPING>
    <TYPENAME>TYP_01</TYPENAME>
   </item>
   <item>
    <NAME>B</NAME>
    <TYPING>TYPE</TYPING>
    <TYPENAME>I</TYPENAME>
   </item>
   <item>
    <NAME>A</NAME>
    <TYPING>TYPE</TYPING>
    <TYPENAME>I</TYPENAME>
   </item>
  </GDATA>
  <GPLIST>
   <item>
    <OPD>IS_01</OPD>
    <OUTIN>O</OUTIN>
   </item>
   <item>
    <OPD>IT_01</OPD>
    <OUTIN>O</OUTIN>
   </item>
  </GPLIST>
  <GCODING>
   <item/>
   <item/>
   <item>*DATA NAME TYPE STRING.</item>
   <item>*</item>
   <item>*FIELD-SYMBOLS &lt;FS&gt;  TYPE TABLE.</item>
   <item>*NAME = &apos;(ZTEST13_34)GT_01&apos;.</item>
   <item>*</item>
   <item>*ASSIGN (NAME) TO &lt;FS&gt;.</item>
   <item>*IT_01 = &lt;FS&gt;.</item>
   <item>*</item>
   <item>DO 120 TIMES .</item>
   <item>  IS_01-NAME = SY-TABIX.</item>
   <item>  IS_01-AGE = SY-TABIX.</item>
   <item/>
   <item>APPEND IS_01 to IT_01.</item>
   <item/>
   <item> ENDDO .</item>
   <item/>
   <item/>
   <item/>
   <item/>
   <item/>
   <item/>
   <item/>
   <item/>
   <item/>
   <item/>
   <item/>
   <item/>
   <item/>
   <item/>
  </GCODING>
  <sf:VARHEADER>
   <sf:item>
    <PAGEFORMAT>DINA4</PAGEFORMAT>
    <CPI>10.00</CPI>
    <LPI>6.00</LPI>
    <STDSTYLE>SYSTEM</STDSTYLE>
    <sf:PAGETREE>
     <sf:NODE>
      <NODETYPE>RP</NODETYPE>
      <sf:SUCC>
       <sf:item>
        <sf:NODE>
         <NODETYPE>PA</NODETYPE>
         <sf:OBJ>
          <sf:PAGE>
           <NAME>
            <INAME>%PAGE1</INAME>
           </NAME>
           <CAPTION>新页面</CAPTION>
           <NEXTPAGE>
            <INAME>%PAGE1</INAME>
           </NEXTPAGE>
           <NUMB_MODE>I</NUMB_MODE>
           <NUMB_TYPE>A</NUMB_TYPE>
           <PAGEORTN>P</PAGEORTN>
           <T_CAPTION>
            <item>
             <LANGU>1</LANGU>
             <FORMNAME>ZTEST13_S01</FORMNAME>
             <OBJTYPE>PA</OBJTYPE>
             <INAME>%PAGE1</INAME>
             <CAPTION>新页面</CAPTION>
            </item>
           </T_CAPTION>
          </sf:PAGE>
         </sf:OBJ>
         <sf:SUCC>
          <sf:item>
           <sf:NODE>
            <NODETYPE>WI</NODETYPE>
            <sf:OBJ>
             <sf:WINDOW>
              <NAME>
               <INAME>MAIN</INAME>
              </NAME>
              <CAPTION>主窗口</CAPTION>
              <WTYPE>M</WTYPE>
              <T_CAPTION>
               <item>
                <LANGU>1</LANGU>
                <FORMNAME>ZTEST13_S01</FORMNAME>
                <OBJTYPE>WI</OBJTYPE>
                <INAME>MAIN</INAME>
                <CAPTION>主窗口</CAPTION>
               </item>
              </T_CAPTION>
              <sf:PROC_CTRL>
               <sf:NODE>
                <NODETYPE>RC</NODETYPE>
                <sf:SUCC>
                 <sf:item>
                  <sf:NODE>
                   <NODETYPE>SE</NODETYPE>
                   <sf:OBJ>
                    <sf:SECTION>
                     <NAME>
                      <INAME>%TABLE1</INAME>
                     </NAME>
                     <CAPTION>新表 1</CAPTION>
                     <SECTTYPE>C</SECTTYPE>
                     <DATATYPE>L</DATATYPE>
                     <TABNAME>IT_01</TABNAME>
                     <TABHTYPE>I</TABHTYPE>
                     <TABHEADER>IS_01</TABHEADER>
                     <OTABTYPE>D</OTABTYPE>
                     <OTABHEADER>A</OTABHEADER>
                     <OTABFOOTER>A</OTABFOOTER>
                     <FHEIGHT>1.00</FHEIGHT>
                     <U_FHEIGHT>CM</U_FHEIGHT>
                     <PATTERN>
                      <PATTNUM>0000</PATTNUM>
                      <FRAME>15.00</FRAME>
                      <U_FRAME>TW</U_FRAME>
                     </PATTERN>
                     <USEBORDER>X</USEBORDER>
                     <WIDTH>16.00</WIDTH>
                     <U_WIDTH>CM</U_WIDTH>
                     <APPMODE>L</APPMODE>
                     <U_LEFT>CM</U_LEFT>
                     <U_TOP>CM</U_TOP>
                     <U_SB>CM</U_SB>
                     <U_SA>CM</U_SA>
                     <DYNLINES>
                      <item>
                       <NAME>%LTYPE1</NAME>
                       <DEFAULTVAL>X</DEFAULTVAL>
                       <SHADING>000</SHADING>
                      </item>
                      <item>
                       <NAME>%LTYPE2</NAME>
                       <SHADING>000</SHADING>
                      </item>
                     </DYNLINES>
                     <CELLS>
                      <item>
                       <NAME>%LTYPE1</NAME>
                       <COLUMNNR>001</COLUMNNR>
                       <CWIDTH>16.00</CWIDTH>
                       <U_CWIDTH>CM</U_CWIDTH>
                       <SHADING>000</SHADING>
                       <BORDERS>
                        <item>
                         <IDX>001</IDX>
                         <INTENSITY>000</INTENSITY>
                         <LLEFT>0.00</LLEFT>
                         <LLEFT_U>MM</LLEFT_U>
                         <LTOP>0.00</LTOP>
                         <LTOP_U>MM</LTOP_U>
                         <LRIGHT>0.00</LRIGHT>
                         <LRIGHT_U>MM</LRIGHT_U>
                         <LBOTTOM>0.00</LBOTTOM>
                         <LBOTTOM_U>MM</LBOTTOM_U>
                         <FILLCOLOR>
                          <RED>000</RED>
                          <GREEN>000</GREEN>
                          <BLUE>000</BLUE>
                         </FILLCOLOR>
                         <CLEFT>
                          <RED>000</RED>
                          <GREEN>000</GREEN>
                          <BLUE>000</BLUE>
                         </CLEFT>
                         <CTOP>
                          <RED>000</RED>
                          <GREEN>000</GREEN>
                          <BLUE>000</BLUE>
                         </CTOP>
                         <CRIGHT>
                          <RED>000</RED>
                          <GREEN>000</GREEN>
                          <BLUE>000</BLUE>
                         </CRIGHT>
                         <CBOTTOM>
                          <RED>000</RED>
                          <GREEN>000</GREEN>
                          <BLUE>000</BLUE>
                         </CBOTTOM>
                        </item>
                       </BORDERS>
                      </item>
                      <item>
                       <NAME>%LTYPE2</NAME>
                       <COLUMNNR>001</COLUMNNR>
                       <CWIDTH>7.18</CWIDTH>
                       <U_CWIDTH>CM</U_CWIDTH>
                       <SHADING>000</SHADING>
                       <BORDERS>
                        <item>
                         <IDX>001</IDX>
                         <INTENSITY>000</INTENSITY>
                         <LLEFT>0.00</LLEFT>
                         <LLEFT_U>MM</LLEFT_U>
                         <LTOP>0.00</LTOP>
                         <LTOP_U>MM</LTOP_U>
                         <LRIGHT>0.00</LRIGHT>
                         <LRIGHT_U>MM</LRIGHT_U>
                         <LBOTTOM>0.00</LBOTTOM>
                         <LBOTTOM_U>MM</LBOTTOM_U>
                         <FILLCOLOR>
                          <RED>000</RED>
                          <GREEN>000</GREEN>
                          <BLUE>000</BLUE>
                         </FILLCOLOR>
                         <CLEFT>
                          <RED>000</RED>
                          <GREEN>000</GREEN>
                          <BLUE>000</BLUE>
                         </CLEFT>
                         <CTOP>
                          <RED>000</RED>
                          <GREEN>000</GREEN>
                          <BLUE>000</BLUE>
                         </CTOP>
                         <CRIGHT>
                          <RED>000</RED>
                          <GREEN>000</GREEN>
                          <BLUE>000</BLUE>
                         </CRIGHT>
                         <CBOTTOM>
                          <RED>000</RED>
                          <GREEN>000</GREEN>
                          <BLUE>000</BLUE>
                         </CBOTTOM>
                        </item>
                       </BORDERS>
                      </item>
                      <item>
                       <NAME>%LTYPE2</NAME>
                       <COLUMNNR>002</COLUMNNR>
                       <CWIDTH>8.82</CWIDTH>
                       <U_CWIDTH>CM</U_CWIDTH>
                       <SHADING>000</SHADING>
                       <BORDERS>
                        <item>
                         <IDX>001</IDX>
                         <INTENSITY>000</INTENSITY>
                         <LLEFT>0.00</LLEFT>
                         <LLEFT_U>MM</LLEFT_U>
                         <LTOP>0.00</LTOP>
                         <LTOP_U>MM</LTOP_U>
                         <LRIGHT>0.00</LRIGHT>
                         <LRIGHT_U>MM</LRIGHT_U>
                         <LBOTTOM>0.00</LBOTTOM>
                         <LBOTTOM_U>MM</LBOTTOM_U>
                         <FILLCOLOR>
                          <RED>000</RED>
                          <GREEN>000</GREEN>
                          <BLUE>000</BLUE>
                         </FILLCOLOR>
                         <CLEFT>
                          <RED>000</RED>
                          <GREEN>000</GREEN>
                          <BLUE>000</BLUE>
                         </CLEFT>
                         <CTOP>
                          <RED>000</RED>
                          <GREEN>000</GREEN>
                          <BLUE>000</BLUE>
                         </CTOP>
                         <CRIGHT>
                          <RED>000</RED>
                          <GREEN>000</GREEN>
                          <BLUE>000</BLUE>
                         </CRIGHT>
                         <CBOTTOM>
                          <RED>000</RED>
                          <GREEN>000</GREEN>
                          <BLUE>000</BLUE>
                         </CBOTTOM>
                        </item>
                       </BORDERS>
                      </item>
                     </CELLS>
                     <T_CAPTION>
                      <item>
                       <LANGU>1</LANGU>
                       <FORMNAME>ZTEST13_S01</FORMNAME>
                       <OBJTYPE>SE</OBJTYPE>
                       <INAME>%TABLE1</INAME>
                       <CAPTION>新表 1</CAPTION>
                      </item>
                     </T_CAPTION>
                    </sf:SECTION>
                   </sf:OBJ>
                   <sf:SUCC>
                    <sf:item>
                     <sf:NODE>
                      <NODETYPE>EV</NODETYPE>
                      <sf:OBJ>
                       <sf:EVENT>
                        <NAME>
                         <INAME>%EVENT1</INAME>
                        </NAME>
                        <CAPTION>表头</CAPTION>
                        <EVTYPE>H</EVTYPE>
                        <T_CAPTION>
                         <item>
                          <LANGU>1</LANGU>
                          <FORMNAME>ZTEST13_S01</FORMNAME>
                          <OBJTYPE>EV</OBJTYPE>
                          <INAME>%EVENT1</INAME>
                          <CAPTION>表头</CAPTION>
                         </item>
                        </T_CAPTION>
                       </sf:EVENT>
                      </sf:OBJ>
                      <sf:SUCC>
                       <sf:item>
                        <sf:NODE>
                         <NODETYPE>SE</NODETYPE>
                         <sf:OBJ>
                          <sf:SECTION>
                           <NAME>
                            <INAME>%ROW1</INAME>
                           </NAME>
                           <CAPTION>新行 1</CAPTION>
                           <SECTTYPE>R</SECTTYPE>
                           <U_FHEIGHT>CM</U_FHEIGHT>
                           <PATTERN>
                            <PATTNUM>0000</PATTNUM>
                            <FRAME>0.00</FRAME>
                            <U_FRAME>PT</U_FRAME>
                           </PATTERN>
                           <U_WIDTH>CM</U_WIDTH>
                           <U_LEFT>CM</U_LEFT>
                           <U_TOP>CM</U_TOP>
                           <U_SB>CM</U_SB>
                           <U_SA>CM</U_SA>
                           <T_CAPTION>
                            <item>
                             <LANGU>1</LANGU>
                             <FORMNAME>ZTEST13_S01</FORMNAME>
                             <OBJTYPE>SE</OBJTYPE>
                             <INAME>%ROW1</INAME>
                             <CAPTION>新行 1</CAPTION>
                            </item>
                           </T_CAPTION>
                          </sf:SECTION>
                         </sf:OBJ>
                         <sf:OUTATTR>
                          <sf:OUTATTR>
                           <NAME>
                            <INAME>%OUTATTRIB2</INAME>
                           </NAME>
                           <T_LINETYPE>%LTYPE1</T_LINETYPE>
                           <U_WFRAME>PT</U_WFRAME>
                           <U_WBOXV>CM</U_WBOXV>
                           <U_WBOXH>CM</U_WBOXH>
                           <U_WLEFT>CM</U_WLEFT>
                           <U_WWIDTH>CM</U_WWIDTH>
                           <U_WTOP>CM</U_WTOP>
                           <U_WHEIGHT>CM</U_WHEIGHT>
                           <BORDER>
                            <LEFTATTR>
                             <THICKNESS>0.00</THICKNESS>
                             <THICKNESSU>PT</THICKNESSU>
                             <DISTANCE>0.00</DISTANCE>
                             <DISTANCEU>CM</DISTANCEU>
                             <COLOR>
                              <RED>000</RED>
                              <GREEN>000</GREEN>
                              <BLUE>000</BLUE>
                              <TRANS>000</TRANS>
                             </COLOR>
                            </LEFTATTR>
                            <TOPATTR>
                             <THICKNESS>0.00</THICKNESS>
                             <THICKNESSU>PT</THICKNESSU>
                             <DISTANCE>0.00</DISTANCE>
                             <DISTANCEU>CM</DISTANCEU>
                             <COLOR>
                              <RED>000</RED>
                              <GREEN>000</GREEN>
                              <BLUE>000</BLUE>
                              <TRANS>000</TRANS>
                             </COLOR>
                            </TOPATTR>
                            <RIGHTATTR>
                             <THICKNESS>0.00</THICKNESS>
                             <THICKNESSU>PT</THICKNESSU>
                             <DISTANCE>0.00</DISTANCE>
                             <DISTANCEU>CM</DISTANCEU>
                             <COLOR>
                              <RED>000</RED>
                              <GREEN>000</GREEN>
                              <BLUE>000</BLUE>
                              <TRANS>000</TRANS>
                             </COLOR>
                            </RIGHTATTR>
                            <BOTTOMATTR>
                             <THICKNESS>0.00</THICKNESS>
                             <THICKNESSU>PT</THICKNESSU>
                             <DISTANCE>0.00</DISTANCE>
                             <DISTANCEU>CM</DISTANCEU>
                             <COLOR>
                              <RED>000</RED>
                              <GREEN>000</GREEN>
                              <BLUE>000</BLUE>
                              <TRANS>000</TRANS>
                             </COLOR>
                            </BOTTOMATTR>
                           </BORDER>
                           <T_CAPTION>
                            <item>
                             <LANGU>1</LANGU>
                             <FORMNAME>ZTEST13_S01</FORMNAME>
                             <OBJTYPE>OA</OBJTYPE>
                             <INAME>%OUTATTRIB2</INAME>
                            </item>
                           </T_CAPTION>
                          </sf:OUTATTR>
                         </sf:OUTATTR>
                         <sf:SUCC>
                          <sf:item>
                           <sf:NODE>
                            <NODETYPE>SE</NODETYPE>
                            <sf:OBJ>
                             <sf:SECTION>
                              <NAME>
                               <INAME>%CELL1</INAME>
                              </NAME>
                              <CAPTION>新列 1</CAPTION>
                              <SECTTYPE>E</SECTTYPE>
                              <U_FHEIGHT>CM</U_FHEIGHT>
                              <PATTERN>
                               <PATTNUM>0000</PATTNUM>
                               <FRAME>0.00</FRAME>
                               <U_FRAME>PT</U_FRAME>
                              </PATTERN>
                              <U_WIDTH>CM</U_WIDTH>
                              <U_LEFT>CM</U_LEFT>
                              <U_TOP>CM</U_TOP>
                              <U_SB>CM</U_SB>
                              <U_SA>CM</U_SA>
                              <T_CAPTION>
                               <item>
                                <LANGU>1</LANGU>
                                <FORMNAME>ZTEST13_S01</FORMNAME>
                                <OBJTYPE>SE</OBJTYPE>
                                <INAME>%CELL1</INAME>
                                <CAPTION>新列 1</CAPTION>
                               </item>
                              </T_CAPTION>
                             </sf:SECTION>
                            </sf:OBJ>
                            <sf:OUTATTR>
                             <sf:OUTATTR>
                              <NAME>
                               <INAME>%OUTATTRIB3</INAME>
                              </NAME>
                              <U_WFRAME>PT</U_WFRAME>
                              <U_WBOXV>CM</U_WBOXV>
                              <U_WBOXH>CM</U_WBOXH>
                              <U_WLEFT>CM</U_WLEFT>
                              <U_WWIDTH>CM</U_WWIDTH>
                              <U_WTOP>CM</U_WTOP>
                              <U_WHEIGHT>CM</U_WHEIGHT>
                              <BORDER>
                               <LEFTATTR>
                                <THICKNESS>0.00</THICKNESS>
                                <THICKNESSU>PT</THICKNESSU>
                                <DISTANCE>0.00</DISTANCE>
                                <DISTANCEU>CM</DISTANCEU>
                                <COLOR>
                                 <RED>000</RED>
                                 <GREEN>000</GREEN>
                                 <BLUE>000</BLUE>
                                 <TRANS>000</TRANS>
                                </COLOR>
                               </LEFTATTR>
                               <TOPATTR>
                                <THICKNESS>0.00</THICKNESS>
                                <THICKNESSU>PT</THICKNESSU>
                                <DISTANCE>0.00</DISTANCE>
                                <DISTANCEU>CM</DISTANCEU>
                                <COLOR>
                                 <RED>000</RED>
                                 <GREEN>000</GREEN>
                                 <BLUE>000</BLUE>
                                 <TRANS>000</TRANS>
                                </COLOR>
                               </TOPATTR>
                               <RIGHTATTR>
                                <THICKNESS>0.00</THICKNESS>
                                <THICKNESSU>PT</THICKNESSU>
                                <DISTANCE>0.00</DISTANCE>
                                <DISTANCEU>CM</DISTANCEU>
                                <COLOR>
                                 <RED>000</RED>
                                 <GREEN>000</GREEN>
                                 <BLUE>000</BLUE>
                                 <TRANS>000</TRANS>
                                </COLOR>
                               </RIGHTATTR>
                               <BOTTOMATTR>
                                <THICKNESS>0.00</THICKNESS>
                                <THICKNESSU>PT</THICKNESSU>
                                <DISTANCE>0.00</DISTANCE>
                                <DISTANCEU>CM</DISTANCEU>
                                <COLOR>
                                 <RED>000</RED>
                                 <GREEN>000</GREEN>
                                 <BLUE>000</BLUE>
                                 <TRANS>000</TRANS>
                                </COLOR>
                               </BOTTOMATTR>
                              </BORDER>
                              <T_CAPTION>
                               <item>
                                <LANGU>1</LANGU>
                                <FORMNAME>ZTEST13_S01</FORMNAME>
                                <OBJTYPE>OA</OBJTYPE>
                                <INAME>%OUTATTRIB3</INAME>
                               </item>
                              </T_CAPTION>
                             </sf:OUTATTR>
                            </sf:OUTATTR>
                            <sf:SUCC>
                             <sf:item>
                              <sf:NODE>
                               <NODETYPE>TI</NODETYPE>
                               <sf:OBJ>
                                <sf:TEXT>
                                 <NAME>
                                  <INAME>%TEXT1</INAME>
                                 </NAME>
                                 <CAPTION>新文本 1</CAPTION>
                                 <APPMODE>P</APPMODE>
                                 <TEXT>
                                  <item>
                                   <TDFORMAT>*</TDFORMAT>
                                   <TDLINE>表头</TDLINE>
                                  </item>
                                 </TEXT>
                                 <STYLE_NAME>SYSTEM</STYLE_NAME>
                                 <TEXT_AREA>
                                  <ENABLED>F</ENABLED>
                                  <NCOLS>0</NCOLS>
                                  <NROWS>0</NROWS>
                                 </TEXT_AREA>
                                 <T_CAPTION>
                                  <item>
                                   <LANGU>1</LANGU>
                                   <FORMNAME>ZTEST13_S01</FORMNAME>
                                   <OBJTYPE>TI</OBJTYPE>
                                   <INAME>%TEXT1</INAME>
                                   <CAPTION>新文本 1</CAPTION>
                                  </item>
                                 </T_CAPTION>
                                 <T_TEXT>
                                  <item>
                                   <SPRAS>1</SPRAS>
                                   <TXTYPE>F</TXTYPE>
                                   <FORMNAME>ZTEST13_S01</FORMNAME>
                                   <INAME>%TEXT1</INAME>
                                   <LINENR>000001</LINENR>
                                   <TDFORMAT>*</TDFORMAT>
                                   <TDLINE>表头</TDLINE>
                                  </item>
                                 </T_TEXT>
                                </sf:TEXT>
                               </sf:OBJ>
                               <sf:SUCC/>
                              </sf:NODE>
                             </sf:item>
                            </sf:SUCC>
                           </sf:NODE>
                          </sf:item>
                         </sf:SUCC>
                        </sf:NODE>
                       </sf:item>
                      </sf:SUCC>
                     </sf:NODE>
                    </sf:item>
                    <sf:item>
                     <sf:NODE>
                      <NODETYPE>EV</NODETYPE>
                      <sf:OBJ>
                       <sf:EVENT>
                        <NAME>
                         <INAME>%EVENT2</INAME>
                        </NAME>
                        <CAPTION>主要区域</CAPTION>
                        <EVTYPE>B</EVTYPE>
                        <T_CAPTION>
                         <item>
                          <LANGU>1</LANGU>
                          <FORMNAME>ZTEST13_S01</FORMNAME>
                          <OBJTYPE>EV</OBJTYPE>
                          <INAME>%EVENT2</INAME>
                          <CAPTION>主要区域</CAPTION>
                         </item>
                        </T_CAPTION>
                       </sf:EVENT>
                      </sf:OBJ>
                      <sf:SUCC>
                       <sf:item>
                        <sf:NODE>
                         <NODETYPE>SE</NODETYPE>
                         <sf:OBJ>
                          <sf:SECTION>
                           <NAME>
                            <INAME>%ROW2</INAME>
                           </NAME>
                           <CAPTION>新行 2</CAPTION>
                           <SECTTYPE>R</SECTTYPE>
                           <U_FHEIGHT>CM</U_FHEIGHT>
                           <PATTERN>
                            <PATTNUM>0000</PATTNUM>
                            <FRAME>0.00</FRAME>
                            <U_FRAME>PT</U_FRAME>
                           </PATTERN>
                           <U_WIDTH>CM</U_WIDTH>
                           <U_LEFT>CM</U_LEFT>
                           <U_TOP>CM</U_TOP>
                           <U_SB>CM</U_SB>
                           <U_SA>CM</U_SA>
                           <T_CAPTION>
                            <item>
                             <LANGU>1</LANGU>
                             <FORMNAME>ZTEST13_S01</FORMNAME>
                             <OBJTYPE>SE</OBJTYPE>
                             <INAME>%ROW2</INAME>
                             <CAPTION>新行 2</CAPTION>
                            </item>
                           </T_CAPTION>
                          </sf:SECTION>
                         </sf:OBJ>
                         <sf:OUTATTR>
                          <sf:OUTATTR>
                           <NAME>
                            <INAME>%OUTATTRIB4</INAME>
                           </NAME>
                           <T_LINETYPE>%LTYPE2</T_LINETYPE>
                           <U_WFRAME>PT</U_WFRAME>
                           <U_WBOXV>CM</U_WBOXV>
                           <U_WBOXH>CM</U_WBOXH>
                           <U_WLEFT>CM</U_WLEFT>
                           <U_WWIDTH>CM</U_WWIDTH>
                           <U_WTOP>CM</U_WTOP>
                           <U_WHEIGHT>CM</U_WHEIGHT>
                           <BORDER>
                            <LEFTATTR>
                             <THICKNESS>0.00</THICKNESS>
                             <THICKNESSU>PT</THICKNESSU>
                             <DISTANCE>0.00</DISTANCE>
                             <DISTANCEU>CM</DISTANCEU>
                             <COLOR>
                              <RED>000</RED>
                              <GREEN>000</GREEN>
                              <BLUE>000</BLUE>
                              <TRANS>000</TRANS>
                             </COLOR>
                            </LEFTATTR>
                            <TOPATTR>
                             <THICKNESS>0.00</THICKNESS>
                             <THICKNESSU>PT</THICKNESSU>
                             <DISTANCE>0.00</DISTANCE>
                             <DISTANCEU>CM</DISTANCEU>
                             <COLOR>
                              <RED>000</RED>
                              <GREEN>000</GREEN>
                              <BLUE>000</BLUE>
                              <TRANS>000</TRANS>
                             </COLOR>
                            </TOPATTR>
                            <RIGHTATTR>
                             <THICKNESS>0.00</THICKNESS>
                             <THICKNESSU>PT</THICKNESSU>
                             <DISTANCE>0.00</DISTANCE>
                             <DISTANCEU>CM</DISTANCEU>
                             <COLOR>
                              <RED>000</RED>
                              <GREEN>000</GREEN>
                              <BLUE>000</BLUE>
                              <TRANS>000</TRANS>
                             </COLOR>
                            </RIGHTATTR>
                            <BOTTOMATTR>
                             <THICKNESS>0.00</THICKNESS>
                             <THICKNESSU>PT</THICKNESSU>
                             <DISTANCE>0.00</DISTANCE>
                             <DISTANCEU>CM</DISTANCEU>
                             <COLOR>
                              <RED>000</RED>
                              <GREEN>000</GREEN>
                              <BLUE>000</BLUE>
                              <TRANS>000</TRANS>
                             </COLOR>
                            </BOTTOMATTR>
                           </BORDER>
                           <T_CAPTION>
                            <item>
                             <LANGU>1</LANGU>
                             <FORMNAME>ZTEST13_S01</FORMNAME>
                             <OBJTYPE>OA</OBJTYPE>
                             <INAME>%OUTATTRIB4</INAME>
                            </item>
                           </T_CAPTION>
                          </sf:OUTATTR>
                         </sf:OUTATTR>
                         <sf:SUCC>
                          <sf:item>
                           <sf:NODE>
                            <NODETYPE>SE</NODETYPE>
                            <sf:OBJ>
                             <sf:SECTION>
                              <NAME>
                               <INAME>%CELL2</INAME>
                              </NAME>
                              <CAPTION>新列 2</CAPTION>
                              <SECTTYPE>E</SECTTYPE>
                              <U_FHEIGHT>CM</U_FHEIGHT>
                              <PATTERN>
                               <PATTNUM>0000</PATTNUM>
                               <FRAME>0.00</FRAME>
                               <U_FRAME>PT</U_FRAME>
                              </PATTERN>
                              <U_WIDTH>CM</U_WIDTH>
                              <U_LEFT>CM</U_LEFT>
                              <U_TOP>CM</U_TOP>
                              <U_SB>CM</U_SB>
                              <U_SA>CM</U_SA>
                              <T_CAPTION>
                               <item>
                                <LANGU>1</LANGU>
                                <FORMNAME>ZTEST13_S01</FORMNAME>
                                <OBJTYPE>SE</OBJTYPE>
                                <INAME>%CELL2</INAME>
                                <CAPTION>新列 2</CAPTION>
                               </item>
                              </T_CAPTION>
                             </sf:SECTION>
                            </sf:OBJ>
                            <sf:OUTATTR>
                             <sf:OUTATTR>
                              <NAME>
                               <INAME>%OUTATTRIB5</INAME>
                              </NAME>
                              <U_WFRAME>PT</U_WFRAME>
                              <U_WBOXV>CM</U_WBOXV>
                              <U_WBOXH>CM</U_WBOXH>
                              <U_WLEFT>CM</U_WLEFT>
                              <U_WWIDTH>CM</U_WWIDTH>
                              <U_WTOP>CM</U_WTOP>
                              <U_WHEIGHT>CM</U_WHEIGHT>
                              <BORDER>
                               <LEFTATTR>
                                <THICKNESS>0.00</THICKNESS>
                                <THICKNESSU>PT</THICKNESSU>
                                <DISTANCE>0.00</DISTANCE>
                                <DISTANCEU>CM</DISTANCEU>
                                <COLOR>
                                 <RED>000</RED>
                                 <GREEN>000</GREEN>
                                 <BLUE>000</BLUE>
                                 <TRANS>000</TRANS>
                                </COLOR>
                               </LEFTATTR>
                               <TOPATTR>
                                <THICKNESS>0.00</THICKNESS>
                                <THICKNESSU>PT</THICKNESSU>
                                <DISTANCE>0.00</DISTANCE>
                                <DISTANCEU>CM</DISTANCEU>
                                <COLOR>
                                 <RED>000</RED>
                                 <GREEN>000</GREEN>
                                 <BLUE>000</BLUE>
                                 <TRANS>000</TRANS>
                                </COLOR>
                               </TOPATTR>
                               <RIGHTATTR>
                                <THICKNESS>0.00</THICKNESS>
                                <THICKNESSU>PT</THICKNESSU>
                                <DISTANCE>0.00</DISTANCE>
                                <DISTANCEU>CM</DISTANCEU>
                                <COLOR>
                                 <RED>000</RED>
                                 <GREEN>000</GREEN>
                                 <BLUE>000</BLUE>
                                 <TRANS>000</TRANS>
                                </COLOR>
                               </RIGHTATTR>
                               <BOTTOMATTR>
                                <THICKNESS>0.00</THICKNESS>
                                <THICKNESSU>PT</THICKNESSU>
                                <DISTANCE>0.00</DISTANCE>
                                <DISTANCEU>CM</DISTANCEU>
                                <COLOR>
                                 <RED>000</RED>
                                 <GREEN>000</GREEN>
                                 <BLUE>000</BLUE>
                                 <TRANS>000</TRANS>
                                </COLOR>
                               </BOTTOMATTR>
                              </BORDER>
                              <T_CAPTION>
                               <item>
                                <LANGU>1</LANGU>
                                <FORMNAME>ZTEST13_S01</FORMNAME>
                                <OBJTYPE>OA</OBJTYPE>
                                <INAME>%OUTATTRIB5</INAME>
                               </item>
                              </T_CAPTION>
                             </sf:OUTATTR>
                            </sf:OUTATTR>
                            <sf:SUCC>
                             <sf:item>
                              <sf:NODE>
                               <NODETYPE>CO</NODETYPE>
                               <sf:OBJ>
                                <sf:CODE>
                                 <NAME>
                                  <INAME>%CODE1</INAME>
                                 </NAME>
                                 <CAPTION>新程序行 1</CAPTION>
                                 <PLIST>
                                  <item>
                                   <OPD>A</OPD>
                                   <OUTIN>I</OUTIN>
                                  </item>
                                  <item>
                                   <OPD>B</OPD>
                                   <OUTIN>I</OUTIN>
                                  </item>
                                  <item>
                                   <OPD>A</OPD>
                                   <OUTIN>O</OUTIN>
                                  </item>
                                  <item>
                                   <OPD>B</OPD>
                                   <OUTIN>O</OUTIN>
                                  </item>
                                 </PLIST>
                                 <CODE>
                                  <item/>
                                  <item/>
                                  <item/>
                                  <item>A = A + 1.</item>
                                  <item>B = A MOD 10.</item>
                                  <item/>
                                  <item/>
                                  <item/>
                                  <item/>
                                  <item/>
                                  <item/>
                                  <item/>
                                  <item/>
                                  <item/>
                                  <item/>
                                  <item/>
                                  <item/>
                                  <item/>
                                  <item/>
                                  <item/>
                                  <item/>
                                  <item/>
                                  <item/>
                                  <item/>
                                  <item/>
                                 </CODE>
                                 <T_CAPTION>
                                  <item>
                                   <LANGU>1</LANGU>
                                   <FORMNAME>ZTEST13_S01</FORMNAME>
                                   <OBJTYPE>CO</OBJTYPE>
                                   <INAME>%CODE1</INAME>
                                   <CAPTION>新程序行 1</CAPTION>
                                  </item>
                                 </T_CAPTION>
                                </sf:CODE>
                               </sf:OBJ>
                               <sf:SUCC/>
                              </sf:NODE>
                             </sf:item>
                             <sf:item>
                              <sf:NODE>
                               <NODETYPE>TI</NODETYPE>
                               <sf:OBJ>
                                <sf:TEXT>
                                 <NAME>
                                  <INAME>%TEXT2</INAME>
                                 </NAME>
                                 <CAPTION>新文本 2</CAPTION>
                                 <NOLANGUAGE>X</NOLANGUAGE>
                                 <APPMODE>P</APPMODE>
                                 <TEXT>
                                  <item>
                                   <TDFORMAT>*</TDFORMAT>
                                   <TDLINE>&amp;IS_01-NAME&amp;</TDLINE>
                                  </item>
                                 </TEXT>
                                 <STYLE_NAME>SYSTEM</STYLE_NAME>
                                 <TEXT_AREA>
                                  <ENABLED>F</ENABLED>
                                  <NCOLS>0</NCOLS>
                                  <NROWS>0</NROWS>
                                 </TEXT_AREA>
                                 <T_CAPTION>
                                  <item>
                                   <LANGU>1</LANGU>
                                   <FORMNAME>ZTEST13_S01</FORMNAME>
                                   <OBJTYPE>TI</OBJTYPE>
                                   <INAME>%TEXT2</INAME>
                                   <CAPTION>新文本 2</CAPTION>
                                  </item>
                                 </T_CAPTION>
                                </sf:TEXT>
                               </sf:OBJ>
                               <sf:SUCC/>
                              </sf:NODE>
                             </sf:item>
                            </sf:SUCC>
                           </sf:NODE>
                          </sf:item>
                          <sf:item>
                           <sf:NODE>
                            <NODETYPE>SE</NODETYPE>
                            <sf:OBJ>
                             <sf:SECTION>
                              <NAME>
                               <INAME>%CELL3</INAME>
                              </NAME>
                              <CAPTION>新列 3</CAPTION>
                              <SECTTYPE>E</SECTTYPE>
                              <U_FHEIGHT>CM</U_FHEIGHT>
                              <PATTERN>
                               <PATTNUM>0000</PATTNUM>
                               <FRAME>0.00</FRAME>
                               <U_FRAME>PT</U_FRAME>
                              </PATTERN>
                              <U_WIDTH>CM</U_WIDTH>
                              <U_LEFT>CM</U_LEFT>
                              <U_TOP>CM</U_TOP>
                              <U_SB>CM</U_SB>
                              <U_SA>CM</U_SA>
                              <T_CAPTION>
                               <item>
                                <LANGU>1</LANGU>
                                <FORMNAME>ZTEST13_S01</FORMNAME>
                                <OBJTYPE>SE</OBJTYPE>
                                <INAME>%CELL3</INAME>
                                <CAPTION>新列 3</CAPTION>
                               </item>
                              </T_CAPTION>
                             </sf:SECTION>
                            </sf:OBJ>
                            <sf:OUTATTR>
                             <sf:OUTATTR>
                              <NAME>
                               <INAME>%OUTATTRIB6</INAME>
                              </NAME>
                              <U_WFRAME>PT</U_WFRAME>
                              <U_WBOXV>CM</U_WBOXV>
                              <U_WBOXH>CM</U_WBOXH>
                              <U_WLEFT>CM</U_WLEFT>
                              <U_WWIDTH>CM</U_WWIDTH>
                              <U_WTOP>CM</U_WTOP>
                              <U_WHEIGHT>CM</U_WHEIGHT>
                              <BORDER>
                               <LEFTATTR>
                                <THICKNESS>0.00</THICKNESS>
                                <THICKNESSU>PT</THICKNESSU>
                                <DISTANCE>0.00</DISTANCE>
                                <DISTANCEU>CM</DISTANCEU>
                                <COLOR>
                                 <RED>000</RED>
                                 <GREEN>000</GREEN>
                                 <BLUE>000</BLUE>
                                 <TRANS>000</TRANS>
                                </COLOR>
                               </LEFTATTR>
                               <TOPATTR>
                                <THICKNESS>0.00</THICKNESS>
                                <THICKNESSU>PT</THICKNESSU>
                                <DISTANCE>0.00</DISTANCE>
                                <DISTANCEU>CM</DISTANCEU>
                                <COLOR>
                                 <RED>000</RED>
                                 <GREEN>000</GREEN>
                                 <BLUE>000</BLUE>
                                 <TRANS>000</TRANS>
                                </COLOR>
                               </TOPATTR>
                               <RIGHTATTR>
                                <THICKNESS>0.00</THICKNESS>
                                <THICKNESSU>PT</THICKNESSU>
                                <DISTANCE>0.00</DISTANCE>
                                <DISTANCEU>CM</DISTANCEU>
                                <COLOR>
                                 <RED>000</RED>
                                 <GREEN>000</GREEN>
                                 <BLUE>000</BLUE>
                                 <TRANS>000</TRANS>
                                </COLOR>
                               </RIGHTATTR>
                               <BOTTOMATTR>
                                <THICKNESS>0.00</THICKNESS>
                                <THICKNESSU>PT</THICKNESSU>
                                <DISTANCE>0.00</DISTANCE>
                                <DISTANCEU>CM</DISTANCEU>
                                <COLOR>
                                 <RED>000</RED>
                                 <GREEN>000</GREEN>
                                 <BLUE>000</BLUE>
                                 <TRANS>000</TRANS>
                                </COLOR>
                               </BOTTOMATTR>
                              </BORDER>
                              <T_CAPTION>
                               <item>
                                <LANGU>1</LANGU>
                                <FORMNAME>ZTEST13_S01</FORMNAME>
                                <OBJTYPE>OA</OBJTYPE>
                                <INAME>%OUTATTRIB6</INAME>
                               </item>
                              </T_CAPTION>
                             </sf:OUTATTR>
                            </sf:OUTATTR>
                            <sf:SUCC>
                             <sf:item>
                              <sf:NODE>
                               <NODETYPE>TI</NODETYPE>
                               <sf:OBJ>
                                <sf:TEXT>
                                 <NAME>
                                  <INAME>%TEXT3</INAME>
                                 </NAME>
                                 <CAPTION>新文本 3</CAPTION>
                                 <NOLANGUAGE>X</NOLANGUAGE>
                                 <APPMODE>P</APPMODE>
                                 <TEXT>
                                  <item>
                                   <TDFORMAT>*</TDFORMAT>
                                   <TDLINE>&amp;IS_01-AGE&amp;</TDLINE>
                                  </item>
                                 </TEXT>
                                 <STYLE_NAME>SYSTEM</STYLE_NAME>
                                 <TEXT_AREA>
                                  <ENABLED>F</ENABLED>
                                  <NCOLS>0</NCOLS>
                                  <NROWS>0</NROWS>
                                 </TEXT_AREA>
                                 <T_CAPTION>
                                  <item>
                                   <LANGU>1</LANGU>
                                   <FORMNAME>ZTEST13_S01</FORMNAME>
                                   <OBJTYPE>TI</OBJTYPE>
                                   <INAME>%TEXT3</INAME>
                                   <CAPTION>新文本 3</CAPTION>
                                  </item>
                                 </T_CAPTION>
                                </sf:TEXT>
                               </sf:OBJ>
                               <sf:SUCC/>
                              </sf:NODE>
                             </sf:item>
                            </sf:SUCC>
                           </sf:NODE>
                          </sf:item>
                         </sf:SUCC>
                        </sf:NODE>
                       </sf:item>
                       <sf:item>
                        <sf:NODE>
                         <NODETYPE>CM</NODETYPE>
                         <sf:OBJ>
                          <sf:COMMAND>
                           <NAME>
                            <INAME>%COMMAND1</INAME>
                           </NAME>
                           <CAPTION>新命令 1</CAPTION>
                           <NEWPAGE>X</NEWPAGE>
                           <PAGENAME>
                            <INAME>%PAGE1</INAME>
                           </PAGENAME>
                           <T_CAPTION>
                            <item>
                             <LANGU>1</LANGU>
                             <FORMNAME>ZTEST13_S01</FORMNAME>
                             <OBJTYPE>CM</OBJTYPE>
                             <INAME>%COMMAND1</INAME>
                             <CAPTION>新命令 1</CAPTION>
                            </item>
                           </T_CAPTION>
                          </sf:COMMAND>
                         </sf:OBJ>
                         <sf:COND>
                          <sf:CONDITION>
                           <NAME>
                            <INAME>%CONDITION3</INAME>
                           </NAME>
                           <CAPTION>新备选 3</CAPTION>
                           <COND>
                            <item>
                             <COP>NE</COP>
                             <OP1>A</OP1>
                             <OP2>0</OP2>
                             <ICON>@21\Q选择：不等于@</ICON>
                            </item>
                            <item>
                             <LOP>AND</LOP>
                             <COP>EQ</COP>
                             <OP1>B</OP1>
                             <OP2>0</OP2>
                             <ICON>@20\Q选择：等于@</ICON>
                            </item>
                           </COND>
                           <T_CAPTION>
                            <item>
                             <LANGU>1</LANGU>
                             <FORMNAME>ZTEST13_S01</FORMNAME>
                             <OBJTYPE>CD</OBJTYPE>
                             <INAME>%CONDITION3</INAME>
                             <CAPTION>新备选 3</CAPTION>
                            </item>
                           </T_CAPTION>
                          </sf:CONDITION>
                         </sf:COND>
                         <sf:SUCC/>
                        </sf:NODE>
                       </sf:item>
                      </sf:SUCC>
                     </sf:NODE>
                    </sf:item>
                    <sf:item>
                     <sf:NODE>
                      <NODETYPE>EV</NODETYPE>
                      <sf:OBJ>
                       <sf:EVENT>
                        <NAME>
                         <INAME>%EVENT3</INAME>
                        </NAME>
                        <CAPTION>脚标</CAPTION>
                        <EVTYPE>F</EVTYPE>
                        <T_CAPTION>
                         <item>
                          <LANGU>1</LANGU>
                          <FORMNAME>ZTEST13_S01</FORMNAME>
                          <OBJTYPE>EV</OBJTYPE>
                          <INAME>%EVENT3</INAME>
                          <CAPTION>脚标</CAPTION>
                         </item>
                        </T_CAPTION>
                       </sf:EVENT>
                      </sf:OBJ>
                      <sf:SUCC>
                       <sf:item>
                        <sf:NODE>
                         <NODETYPE>SE</NODETYPE>
                         <sf:OBJ>
                          <sf:SECTION>
                           <NAME>
                            <INAME>%ROW3</INAME>
                           </NAME>
                           <CAPTION>新行 3</CAPTION>
                           <SECTTYPE>R</SECTTYPE>
                           <U_FHEIGHT>CM</U_FHEIGHT>
                           <PATTERN>
                            <PATTNUM>0000</PATTNUM>
                            <FRAME>0.00</FRAME>
                            <U_FRAME>PT</U_FRAME>
                           </PATTERN>
                           <U_WIDTH>CM</U_WIDTH>
                           <U_LEFT>CM</U_LEFT>
                           <U_TOP>CM</U_TOP>
                           <U_SB>CM</U_SB>
                           <U_SA>CM</U_SA>
                           <T_CAPTION>
                            <item>
                             <LANGU>1</LANGU>
                             <FORMNAME>ZTEST13_S01</FORMNAME>
                             <OBJTYPE>SE</OBJTYPE>
                             <INAME>%ROW3</INAME>
                             <CAPTION>新行 3</CAPTION>
                            </item>
                           </T_CAPTION>
                          </sf:SECTION>
                         </sf:OBJ>
                         <sf:OUTATTR>
                          <sf:OUTATTR>
                           <NAME>
                            <INAME>%OUTATTRIB7</INAME>
                           </NAME>
                           <T_LINETYPE>%LTYPE1</T_LINETYPE>
                           <U_WFRAME>PT</U_WFRAME>
                           <U_WBOXV>CM</U_WBOXV>
                           <U_WBOXH>CM</U_WBOXH>
                           <U_WLEFT>CM</U_WLEFT>
                           <U_WWIDTH>CM</U_WWIDTH>
                           <U_WTOP>CM</U_WTOP>
                           <U_WHEIGHT>CM</U_WHEIGHT>
                           <BORDER>
                            <LEFTATTR>
                             <THICKNESS>0.00</THICKNESS>
                             <THICKNESSU>PT</THICKNESSU>
                             <DISTANCE>0.00</DISTANCE>
                             <DISTANCEU>CM</DISTANCEU>
                             <COLOR>
                              <RED>000</RED>
                              <GREEN>000</GREEN>
                              <BLUE>000</BLUE>
                              <TRANS>000</TRANS>
                             </COLOR>
                            </LEFTATTR>
                            <TOPATTR>
                             <THICKNESS>0.00</THICKNESS>
                             <THICKNESSU>PT</THICKNESSU>
                             <DISTANCE>0.00</DISTANCE>
                             <DISTANCEU>CM</DISTANCEU>
                             <COLOR>
                              <RED>000</RED>
                              <GREEN>000</GREEN>
                              <BLUE>000</BLUE>
                              <TRANS>000</TRANS>
                             </COLOR>
                            </TOPATTR>
                            <RIGHTATTR>
                             <THICKNESS>0.00</THICKNESS>
                             <THICKNESSU>PT</THICKNESSU>
                             <DISTANCE>0.00</DISTANCE>
                             <DISTANCEU>CM</DISTANCEU>
                             <COLOR>
                              <RED>000</RED>
                              <GREEN>000</GREEN>
                              <BLUE>000</BLUE>
                              <TRANS>000</TRANS>
                             </COLOR>
                            </RIGHTATTR>
                            <BOTTOMATTR>
                             <THICKNESS>0.00</THICKNESS>
                             <THICKNESSU>PT</THICKNESSU>
                             <DISTANCE>0.00</DISTANCE>
                             <DISTANCEU>CM</DISTANCEU>
                             <COLOR>
                              <RED>000</RED>
                              <GREEN>000</GREEN>
                              <BLUE>000</BLUE>
                              <TRANS>000</TRANS>
                             </COLOR>
                            </BOTTOMATTR>
                           </BORDER>
                           <T_CAPTION>
                            <item>
                             <LANGU>1</LANGU>
                             <FORMNAME>ZTEST13_S01</FORMNAME>
                             <OBJTYPE>OA</OBJTYPE>
                             <INAME>%OUTATTRIB7</INAME>
                            </item>
                           </T_CAPTION>
                          </sf:OUTATTR>
                         </sf:OUTATTR>
                         <sf:SUCC>
                          <sf:item>
                           <sf:NODE>
                            <NODETYPE>SE</NODETYPE>
                            <sf:OBJ>
                             <sf:SECTION>
                              <NAME>
                               <INAME>%CELL4</INAME>
                              </NAME>
                              <CAPTION>新列 4</CAPTION>
                              <SECTTYPE>E</SECTTYPE>
                              <U_FHEIGHT>CM</U_FHEIGHT>
                              <PATTERN>
                               <PATTNUM>0000</PATTNUM>
                               <FRAME>0.00</FRAME>
                               <U_FRAME>PT</U_FRAME>
                              </PATTERN>
                              <U_WIDTH>CM</U_WIDTH>
                              <U_LEFT>CM</U_LEFT>
                              <U_TOP>CM</U_TOP>
                              <U_SB>CM</U_SB>
                              <U_SA>CM</U_SA>
                              <T_CAPTION>
                               <item>
                                <LANGU>1</LANGU>
                                <FORMNAME>ZTEST13_S01</FORMNAME>
                                <OBJTYPE>SE</OBJTYPE>
                                <INAME>%CELL4</INAME>
                                <CAPTION>新列 4</CAPTION>
                               </item>
                              </T_CAPTION>
                             </sf:SECTION>
                            </sf:OBJ>
                            <sf:OUTATTR>
                             <sf:OUTATTR>
                              <NAME>
                               <INAME>%OUTATTRIB8</INAME>
                              </NAME>
                              <U_WFRAME>PT</U_WFRAME>
                              <U_WBOXV>CM</U_WBOXV>
                              <U_WBOXH>CM</U_WBOXH>
                              <U_WLEFT>CM</U_WLEFT>
                              <U_WWIDTH>CM</U_WWIDTH>
                              <U_WTOP>CM</U_WTOP>
                              <U_WHEIGHT>CM</U_WHEIGHT>
                              <BORDER>
                               <LEFTATTR>
                                <THICKNESS>0.00</THICKNESS>
                                <THICKNESSU>PT</THICKNESSU>
                                <DISTANCE>0.00</DISTANCE>
                                <DISTANCEU>CM</DISTANCEU>
                                <COLOR>
                                 <RED>000</RED>
                                 <GREEN>000</GREEN>
                                 <BLUE>000</BLUE>
                                 <TRANS>000</TRANS>
                                </COLOR>
                               </LEFTATTR>
                               <TOPATTR>
                                <THICKNESS>0.00</THICKNESS>
                                <THICKNESSU>PT</THICKNESSU>
                                <DISTANCE>0.00</DISTANCE>
                                <DISTANCEU>CM</DISTANCEU>
                                <COLOR>
                                 <RED>000</RED>
                                 <GREEN>000</GREEN>
                                 <BLUE>000</BLUE>
                                 <TRANS>000</TRANS>
                                </COLOR>
                               </TOPATTR>
                               <RIGHTATTR>
                                <THICKNESS>0.00</THICKNESS>
                                <THICKNESSU>PT</THICKNESSU>
                                <DISTANCE>0.00</DISTANCE>
                                <DISTANCEU>CM</DISTANCEU>
                                <COLOR>
                                 <RED>000</RED>
                                 <GREEN>000</GREEN>
                                 <BLUE>000</BLUE>
                                 <TRANS>000</TRANS>
                                </COLOR>
                               </RIGHTATTR>
                               <BOTTOMATTR>
                                <THICKNESS>0.00</THICKNESS>
                                <THICKNESSU>PT</THICKNESSU>
                                <DISTANCE>0.00</DISTANCE>
                                <DISTANCEU>CM</DISTANCEU>
                                <COLOR>
                                 <RED>000</RED>
                                 <GREEN>000</GREEN>
                                 <BLUE>000</BLUE>
                                 <TRANS>000</TRANS>
                                </COLOR>
                               </BOTTOMATTR>
                              </BORDER>
                              <T_CAPTION>
                               <item>
                                <LANGU>1</LANGU>
                                <FORMNAME>ZTEST13_S01</FORMNAME>
                                <OBJTYPE>OA</OBJTYPE>
                                <INAME>%OUTATTRIB8</INAME>
                               </item>
                              </T_CAPTION>
                             </sf:OUTATTR>
                            </sf:OUTATTR>
                            <sf:SUCC>
                             <sf:item>
                              <sf:NODE>
                               <NODETYPE>TI</NODETYPE>
                               <sf:OBJ>
                                <sf:TEXT>
                                 <NAME>
                                  <INAME>%TEXT4</INAME>
                                 </NAME>
                                 <CAPTION>新文本 4</CAPTION>
                                 <APPMODE>P</APPMODE>
                                 <TEXT>
                                  <item>
                                   <TDFORMAT>*</TDFORMAT>
                                   <TDLINE>脚标</TDLINE>
                                  </item>
                                 </TEXT>
                                 <STYLE_NAME>SYSTEM</STYLE_NAME>
                                 <TEXT_AREA>
                                  <ENABLED>F</ENABLED>
                                  <NCOLS>0</NCOLS>
                                  <NROWS>0</NROWS>
                                 </TEXT_AREA>
                                 <T_CAPTION>
                                  <item>
                                   <LANGU>1</LANGU>
                                   <FORMNAME>ZTEST13_S01</FORMNAME>
                                   <OBJTYPE>TI</OBJTYPE>
                                   <INAME>%TEXT4</INAME>
                                   <CAPTION>新文本 4</CAPTION>
                                  </item>
                                 </T_CAPTION>
                                 <T_TEXT>
                                  <item>
                                   <SPRAS>1</SPRAS>
                                   <TXTYPE>F</TXTYPE>
                                   <FORMNAME>ZTEST13_S01</FORMNAME>
                                   <INAME>%TEXT4</INAME>
                                   <LINENR>000001</LINENR>
                                   <TDFORMAT>*</TDFORMAT>
                                   <TDLINE>脚标</TDLINE>
                                  </item>
                                 </T_TEXT>
                                </sf:TEXT>
                               </sf:OBJ>
                               <sf:SUCC/>
                              </sf:NODE>
                             </sf:item>
                            </sf:SUCC>
                           </sf:NODE>
                          </sf:item>
                         </sf:SUCC>
                        </sf:NODE>
                       </sf:item>
                      </sf:SUCC>
                     </sf:NODE>
                    </sf:item>
                   </sf:SUCC>
                  </sf:NODE>
                 </sf:item>
                </sf:SUCC>
               </sf:NODE>
              </sf:PROC_CTRL>
             </sf:WINDOW>
            </sf:OBJ>
            <sf:OUTATTR>
             <sf:OUTATTR>
              <NAME>
               <INAME>%OUTATTRIB1</INAME>
              </NAME>
              <CAPTION>新显示选项</CAPTION>
              <U_WFRAME>PT</U_WFRAME>
              <U_WBOXV>CM</U_WBOXV>
              <U_WBOXH>CM</U_WBOXH>
              <WLEFT>2.50</WLEFT>
              <U_WLEFT>CM</U_WLEFT>
              <WWIDTH>16.00</WWIDTH>
              <U_WWIDTH>CM</U_WWIDTH>
              <WTOP>2.50</WTOP>
              <U_WTOP>CM</U_WTOP>
              <WHEIGHT>25.20</WHEIGHT>
              <U_WHEIGHT>CM</U_WHEIGHT>
              <BORDER>
               <LEFTATTR>
                <THICKNESS>0.00</THICKNESS>
                <THICKNESSU>PT</THICKNESSU>
                <DISTANCE>0.00</DISTANCE>
                <DISTANCEU>CM</DISTANCEU>
                <COLOR>
                 <RED>000</RED>
                 <GREEN>000</GREEN>
                 <BLUE>000</BLUE>
                 <TRANS>000</TRANS>
                </COLOR>
               </LEFTATTR>
               <TOPATTR>
                <THICKNESS>0.00</THICKNESS>
                <THICKNESSU>PT</THICKNESSU>
                <DISTANCE>0.00</DISTANCE>
                <DISTANCEU>CM</DISTANCEU>
                <COLOR>
                 <RED>000</RED>
                 <GREEN>000</GREEN>
                 <BLUE>000</BLUE>
                 <TRANS>000</TRANS>
                </COLOR>
               </TOPATTR>
               <RIGHTATTR>
                <THICKNESS>0.00</THICKNESS>
                <THICKNESSU>PT</THICKNESSU>
                <DISTANCE>0.00</DISTANCE>
                <DISTANCEU>CM</DISTANCEU>
                <COLOR>
                 <RED>000</RED>
                 <GREEN>000</GREEN>
                 <BLUE>000</BLUE>
                 <TRANS>000</TRANS>
                </COLOR>
               </RIGHTATTR>
               <BOTTOMATTR>
                <THICKNESS>0.00</THICKNESS>
                <THICKNESSU>PT</THICKNESSU>
                <DISTANCE>0.00</DISTANCE>
                <DISTANCEU>CM</DISTANCEU>
                <COLOR>
                 <RED>000</RED>
                 <GREEN>000</GREEN>
                 <BLUE>000</BLUE>
                 <TRANS>000</TRANS>
                </COLOR>
               </BOTTOMATTR>
              </BORDER>
              <T_CAPTION>
               <item>
                <LANGU>1</LANGU>
                <FORMNAME>ZTEST13_S01</FORMNAME>
                <OBJTYPE>OA</OBJTYPE>
                <INAME>%OUTATTRIB1</INAME>
                <CAPTION>新显示选项</CAPTION>
               </item>
              </T_CAPTION>
             </sf:OUTATTR>
            </sf:OUTATTR>
            <sf:SUCC/>
           </sf:NODE>
          </sf:item>
          <sf:item>
           <sf:NODE>
            <NODETYPE>WI</NODETYPE>
            <sf:OBJ>
             <sf:WINDOW>
              <NAME>
               <INAME>%WINDOW1</INAME>
              </NAME>
              <CAPTION>新窗口 1</CAPTION>
              <WTYPE>T</WTYPE>
              <T_CAPTION>
               <item>
                <LANGU>1</LANGU>
                <FORMNAME>ZTEST13_S01</FORMNAME>
                <OBJTYPE>WI</OBJTYPE>
                <INAME>%WINDOW1</INAME>
                <CAPTION>新窗口 1</CAPTION>
               </item>
              </T_CAPTION>
              <sf:PROC_CTRL>
               <sf:NODE>
                <NODETYPE>RC</NODETYPE>
                <sf:SUCC>
                 <sf:item>
                  <sf:NODE>
                   <NODETYPE>GR</NODETYPE>
                   <sf:OBJ>
                    <sf:GRAPHIC>
                     <NAME>
                      <INAME>%GRAPHIC1</INAME>
                     </NAME>
                     <CAPTION>新图形 1</CAPTION>
                     <GTYPE>B</GTYPE>
                     <GKEYBDS>
                      <OBJECT>GRAPHICS</OBJECT>
                      <NAME>ZANDOU</NAME>
                      <ID>BMAP</ID>
                      <BTYPE>BCOL</BTYPE>
                     </GKEYBDS>
                     <APPMODE>B</APPMODE>
                     <U_SB>CM</U_SB>
                     <U_SA>CM</U_SA>
                     <RELMODE>W</RELMODE>
                     <ALIGNMENT>L</ALIGNMENT>
                     <U_MARGIN>CM</U_MARGIN>
                     <BGR_EXT>
                      <MARGINH>0.00</MARGINH>
                      <U_MARGINH>CM</U_MARGINH>
                      <MARGINV>0.00</MARGINV>
                      <U_MARGINV>CM</U_MARGINV>
                     </BGR_EXT>
                     <T_CAPTION>
                      <item>
                       <LANGU>1</LANGU>
                       <FORMNAME>ZTEST13_S01</FORMNAME>
                       <OBJTYPE>GR</OBJTYPE>
                       <INAME>%GRAPHIC1</INAME>
                       <CAPTION>新图形 1</CAPTION>
                      </item>
                     </T_CAPTION>
                    </sf:GRAPHIC>
                   </sf:OBJ>
                   <sf:SUCC/>
                  </sf:NODE>
                 </sf:item>
                 <sf:item>
                  <sf:NODE>
                   <NODETYPE>AD</NODETYPE>
                   <sf:OBJ>
                    <sf:ADDRESS>
                     <NAME>
                      <INAME>%ADDRESS1</INAME>
                     </NAME>
                     <CAPTION>新地址 1</CAPTION>
                     <DELIVERY>P</DELIVERY>
                     <ADDRTYPE>1</ADDRTYPE>
                     <ADDRPAR>*</ADDRPAR>
                     <LINES>10</LINES>
                     <NUMB>0000023269</NUMB>
                     <T_CAPTION>
                      <item>
                       <LANGU>1</LANGU>
                       <FORMNAME>ZTEST13_S01</FORMNAME>
                       <OBJTYPE>AD</OBJTYPE>
                       <INAME>%ADDRESS1</INAME>
                       <CAPTION>新地址 1</CAPTION>
                      </item>
                     </T_CAPTION>
                    </sf:ADDRESS>
                   </sf:OBJ>
                   <sf:SUCC/>
                  </sf:NODE>
                 </sf:item>
                </sf:SUCC>
               </sf:NODE>
              </sf:PROC_CTRL>
             </sf:WINDOW>
            </sf:OBJ>
            <sf:OUTATTR>
             <sf:OUTATTR>
              <NAME>
               <INAME>%OUTATTRIB9</INAME>
              </NAME>
              <U_WFRAME>PT</U_WFRAME>
              <U_WBOXV>CM</U_WBOXV>
              <U_WBOXH>CM</U_WBOXH>
              <U_WLEFT>CM</U_WLEFT>
              <WWIDTH>2.00</WWIDTH>
              <U_WWIDTH>CM</U_WWIDTH>
              <U_WTOP>CM</U_WTOP>
              <WHEIGHT>2.00</WHEIGHT>
              <U_WHEIGHT>CM</U_WHEIGHT>
              <BORDER>
               <LEFTATTR>
                <THICKNESS>0.00</THICKNESS>
                <THICKNESSU>PT</THICKNESSU>
                <DISTANCE>0.00</DISTANCE>
                <DISTANCEU>CM</DISTANCEU>
                <COLOR>
                 <RED>000</RED>
                 <GREEN>000</GREEN>
                 <BLUE>000</BLUE>
                 <TRANS>000</TRANS>
                </COLOR>
               </LEFTATTR>
               <TOPATTR>
                <THICKNESS>0.00</THICKNESS>
                <THICKNESSU>PT</THICKNESSU>
                <DISTANCE>0.00</DISTANCE>
                <DISTANCEU>CM</DISTANCEU>
                <COLOR>
                 <RED>000</RED>
                 <GREEN>000</GREEN>
                 <BLUE>000</BLUE>
                 <TRANS>000</TRANS>
                </COLOR>
               </TOPATTR>
               <RIGHTATTR>
                <THICKNESS>0.00</THICKNESS>
                <THICKNESSU>PT</THICKNESSU>
                <DISTANCE>0.00</DISTANCE>
                <DISTANCEU>CM</DISTANCEU>
                <COLOR>
                 <RED>000</RED>
                 <GREEN>000</GREEN>
                 <BLUE>000</BLUE>
                 <TRANS>000</TRANS>
                </COLOR>
               </RIGHTATTR>
               <BOTTOMATTR>
                <THICKNESS>0.00</THICKNESS>
                <THICKNESSU>PT</THICKNESSU>
                <DISTANCE>0.00</DISTANCE>
                <DISTANCEU>CM</DISTANCEU>
                <COLOR>
                 <RED>000</RED>
                 <GREEN>000</GREEN>
                 <BLUE>000</BLUE>
                 <TRANS>000</TRANS>
                </COLOR>
               </BOTTOMATTR>
              </BORDER>
              <T_CAPTION>
               <item>
                <LANGU>1</LANGU>
                <FORMNAME>ZTEST13_S01</FORMNAME>
                <OBJTYPE>OA</OBJTYPE>
                <INAME>%OUTATTRIB9</INAME>
               </item>
              </T_CAPTION>
             </sf:OUTATTR>
            </sf:OUTATTR>
            <sf:SUCC/>
           </sf:NODE>
          </sf:item>
         </sf:SUCC>
        </sf:NODE>
       </sf:item>
      </sf:SUCC>
     </sf:NODE>
    </sf:PAGETREE>
   </sf:item>
  </sf:VARHEADER>
 </sf:SMARTFORM>
</abapGit>
