﻿<?xml version="1.0" encoding="utf-8"?>
<abapGit version="v1.0.0" serializer="LCL_OBJECT_PROG" serializer_version="v1.0.0">
 <asx:abap xmlns:asx="http://www.sap.com/abapxml" version="1.0">
  <asx:values>
   <PROGDIR>
    <NAME>ZTEST13_11</NAME>
    <SUBC>1</SUBC>
    <RLOAD>1</RLOAD>
    <FIXPT>X</FIXPT>
    <UCCHECK>X</UCCHECK>
   </PROGDIR>
   <DYNPROS>
    <item>
     <HEADER>
      <PROGRAM>ZTEST13_11</PROGRAM>
      <SCREEN>3000</SCREEN>
      <LANGUAGE>1</LANGUAGE>
      <DESCRIPT>test</DESCRIPT>
      <TYPE>N</TYPE>
      <NEXTSCREEN>3000</NEXTSCREEN>
      <LINES>027</LINES>
      <COLUMNS>120</COLUMNS>
     </HEADER>
     <CONTAINERS>
      <RPY_DYCATT>
       <TYPE>SCREEN</TYPE>
       <NAME>SCREEN</NAME>
      </RPY_DYCATT>
      <RPY_DYCATT>
       <TYPE>SUBSCREEN</TYPE>
       <NAME>%#AUTOTEXT003</NAME>
       <ELEMENT_OF>SCREEN</ELEMENT_OF>
       <LINE>002</LINE>
       <COLUMN>027</COLUMN>
       <LENGTH>013</LENGTH>
       <HEIGHT>003</HEIGHT>
      </RPY_DYCATT>
      <RPY_DYCATT>
       <TYPE>TABLE_CTRL</TYPE>
       <NAME>%#AUTOTEXT005</NAME>
       <ELEMENT_OF>SCREEN</ELEMENT_OF>
       <LINE>006</LINE>
       <COLUMN>059</COLUMN>
       <LENGTH>017</LENGTH>
       <HEIGHT>007</HEIGHT>
       <C_SCROLL_V>X</C_SCROLL_V>
       <C_SCROLL_H>X</C_SCROLL_H>
       <TC_TABTYPE>ENTRY</TC_TABTYPE>
       <TC_HEADER>X</TC_HEADER>
       <TC_CONFIG>X</TC_CONFIG>
       <TC_SEL_LNS>SINGLE</TC_SEL_LNS>
       <TC_SEL_CLS>SINGLE</TC_SEL_CLS>
      </RPY_DYCATT>
      <RPY_DYCATT>
       <TYPE>CUST_CTRL</TYPE>
       <NAME>%#AUTOTEXT007</NAME>
       <ELEMENT_OF>SCREEN</ELEMENT_OF>
       <LINE>010</LINE>
       <COLUMN>013</COLUMN>
       <LENGTH>025</LENGTH>
       <HEIGHT>006</HEIGHT>
      </RPY_DYCATT>
      <RPY_DYCATT>
       <TYPE>STRIP_CTRL</TYPE>
       <NAME>%#AUTOTEXT008</NAME>
       <ELEMENT_OF>SCREEN</ELEMENT_OF>
       <LINE>016</LINE>
       <COLUMN>053</COLUMN>
       <LENGTH>044</LENGTH>
       <HEIGHT>008</HEIGHT>
      </RPY_DYCATT>
     </CONTAINERS>
     <FIELDS>
      <RPY_DYFATC>
       <CONT_TYPE>SCREEN</CONT_TYPE>
       <CONT_NAME>SCREEN</CONT_NAME>
       <TYPE>TEXT</TYPE>
       <NAME>%#AUTOTEXT004</NAME>
       <TEXT>##########</TEXT>
       <LINE>003</LINE>
       <COLUMN>007</COLUMN>
       <LENGTH>010</LENGTH>
       <VISLENGTH>010</VISLENGTH>
       <HEIGHT>001</HEIGHT>
       <FORMAT>CHAR</FORMAT>
       <REQU_ENTRY>N</REQU_ENTRY>
      </RPY_DYFATC>
      <RPY_DYFATC>
       <CONT_TYPE>SCREEN</CONT_TYPE>
       <CONT_NAME>SCREEN</CONT_NAME>
       <TYPE>TEMPLATE</TYPE>
       <NAME>%#AUTOTEXT006</NAME>
       <TEXT>____________________________</TEXT>
       <WITH_ICON>X</WITH_ICON>
       <LINE>008</LINE>
       <COLUMN>016</COLUMN>
       <LENGTH>033</LENGTH>
       <VISLENGTH>003</VISLENGTH>
       <HEIGHT>001</HEIGHT>
       <FORMAT>CHAR</FORMAT>
       <OUTPUT_FLD>X</OUTPUT_FLD>
       <REQU_ENTRY>N</REQU_ENTRY>
       <_--32_DIMENS>X</_--32_DIMENS>
      </RPY_DYFATC>
      <RPY_DYFATC>
       <CONT_TYPE>SCREEN</CONT_TYPE>
       <CONT_NAME>SCREEN</CONT_NAME>
       <TYPE>OKCODE</TYPE>
       <TEXT>____________________</TEXT>
       <LENGTH>020</LENGTH>
       <VISLENGTH>020</VISLENGTH>
       <HEIGHT>001</HEIGHT>
       <FORMAT>CHAR</FORMAT>
       <INPUT_FLD>X</INPUT_FLD>
      </RPY_DYFATC>
      <RPY_DYFATC>
       <CONT_TYPE>STRIP_CTRL</CONT_TYPE>
       <CONT_NAME>%#AUTOTEXT008</CONT_NAME>
       <TYPE>PUSH</TYPE>
       <NAME>%#AUTOTEXT001</NAME>
       <TEXT>表_1_</TEXT>
       <LINE>001</LINE>
       <COLUMN>001</COLUMN>
       <LENGTH>004</LENGTH>
       <VISLENGTH>004</VISLENGTH>
       <HEIGHT>001</HEIGHT>
       <FORMAT>CHAR</FORMAT>
       <REQU_ENTRY>N</REQU_ENTRY>
      </RPY_DYFATC>
      <RPY_DYFATC>
       <CONT_TYPE>STRIP_CTRL</CONT_TYPE>
       <CONT_NAME>%#AUTOTEXT008</CONT_NAME>
       <TYPE>PUSH</TYPE>
       <NAME>%#AUTOTEXT002</NAME>
       <TEXT>表_2_</TEXT>
       <LINE>001</LINE>
       <COLUMN>002</COLUMN>
       <LENGTH>004</LENGTH>
       <VISLENGTH>004</VISLENGTH>
       <HEIGHT>001</HEIGHT>
       <FORMAT>CHAR</FORMAT>
       <REQU_ENTRY>N</REQU_ENTRY>
      </RPY_DYFATC>
     </FIELDS>
     <FLOW_LOGIC>
      <RPY_DYFLOW>
       <LINE>PROCESS BEFORE OUTPUT.</LINE>
      </RPY_DYFLOW>
      <RPY_DYFLOW>
       <LINE>* MODULE STATUS_3000.</LINE>
      </RPY_DYFLOW>
      <RPY_DYFLOW>
       <LINE>*</LINE>
      </RPY_DYFLOW>
      <RPY_DYFLOW>
       <LINE>PROCESS AFTER INPUT.</LINE>
      </RPY_DYFLOW>
      <RPY_DYFLOW>
       <LINE>* MODULE USER_COMMAND_3000.</LINE>
      </RPY_DYFLOW>
     </FLOW_LOGIC>
     <SPACES>
      <item>0</item>
      <item>0</item>
      <item>0</item>
      <item>0</item>
      <item>0</item>
     </SPACES>
    </item>
   </DYNPROS>
   <TPOOL>
    <item>
     <ID>R</ID>
     <ENTRY>test</ENTRY>
     <LENGTH>4</LENGTH>
    </item>
   </TPOOL>
  </asx:values>
 </asx:abap>
</abapGit>
