﻿<?xml version="1.0" encoding="utf-8"?>
<abapGit version="v1.0.0" serializer="LCL_OBJECT_ENHS" serializer_version="v1.0.0">
 <asx:abap xmlns:asx="http://www.sap.com/abapxml" version="1.0">
  <asx:values>
   <TOOL>HOOK_DEF</TOOL>
   <SHORTTEXT>TEST</SHORTTEXT>
   <BADI_DATA>
    <PGMID>R3TR</PGMID>
    <OBJ_NAME>ZTEST13_10</OBJ_NAME>
    <OBJ_TYPE>PROG</OBJ_TYPE>
    <MAIN_TYPE>PROG</MAIN_TYPE>
    <MAIN_NAME>ZTEST13_10</MAIN_NAME>
    <PROGRAM>ZTEST13_10</PROGRAM>
    <DEF_HOOKS>
     <ENH_HOOK_DEF_EXT>
      <EXTID>1</EXTID>
      <FULL_NAME>\PR:ZTEST13_10\EX:ZTEST13ZQ_01</FULL_NAME>
      <ENHMODE>D</ENHMODE>
      <DEF_UNIT>
       <INT_TYPE>PE</INT_TYPE>
       <INT_NAME>START-OF-SELECTION</INT_NAME>
       <INCLUDE>ZTEST13_10</INCLUDE>
      </DEF_UNIT>
     </ENH_HOOK_DEF_EXT>
    </DEF_HOOKS>
   </BADI_DATA>
  </asx:values>
 </asx:abap>
</abapGit>
